Alejandro,ale@mail.com
Beatriz,bea@mail.com
Carlos,charles@mail.com
Daniela,dani@mail.com
Eduardo,edu@mail.com
Fernanda,fer@mail.com
Gerardo,ger@mail.com
Hilda,hilda@mail.com
Ivan,ivan@mail.com
Jimena,jime@mail.com
Kevin,kevin@ejemplo.com
Laura,lau@ejemplo.com
Miguel,mike@ejemplo.com
Natalia,nat@ejemplo.com
Oscar,oscar@ejemplo.com
